{
"lengthUnit": "mil",
"remark": [],
"components": {
	"fields": ["COMPONENT_NO", "COMPONENT_NAME", "LAYER", "X_COORDINATE", "Y_COORDINATE", "ANGLE"],
	"rows": [
		[1, "BT9", "T", 1780, -930, 0],
		[2, "BT10", "T", 5335, -935, 0],
		[3, "BT11", "T", 5335, -2635, 180],
		[4, "BT12", "T", 1770, -2615, 180],
		[5, "U1", "B", -200, -1790, 270],
		[6, "PAD1", "T", 171.54, -554.015, 0],
		[7, "PAD2", "T", 3388.46, -554.015, 0],
		[8, "PAD3", "T", 171.54, -1305.985, 0],
		[9, "PAD4", "T", 3388.46, -1305.985, 0],
		[10, "PAD5", "T", 3726.54, -559.015, 0],
		[11, "PAD6", "T", 6943.46, -559.015, 0],
		[12, "PAD7", "T", 3726.54, -1310.985, 0],
		[13, "PAD8", "T", 6943.46, -1310.985, 0],
		[14, "PAD9", "T", 6943.46, -3010.985, 0],
		[15, "PAD10", "T", 3726.54, -3010.985, 0],
		[16, "PAD11", "T", 6943.46, -2259.015, 0],
		[17, "PAD12", "T", 3726.54, -2259.015, 0],
		[18, "PAD13", "T", 3378.46, -2990.985, 0],
		[19, "PAD14", "T", 161.54, -2990.985, 0],
		[20, "PAD15", "T", 3378.46, -2239.015, 0],
		[21, "PAD16", "T", 161.54, -2239.015, 0],
		[22, "PAD17", "T", -200, -1590, 0],
		[23, "PAD17", "B", -200, -1590, 0],
		[24, "PAD18", "T", -200, -1690, 0],
		[25, "PAD18", "B", -200, -1690, 0],
		[26, "PAD19", "T", -200, -1790, 0],
		[27, "PAD19", "B", -200, -1790, 0],
		[28, "PAD20", "T", -200, -1890, 0],
		[29, "PAD20", "B", -200, -1890, 0],
		[30, "PAD21", "T", -200, -1990, 0],
		[31, "PAD21", "B", -200, -1990, 0]
	]
},
"pins": {
	"fields": ["PIN_NO", "PIN_NAME", "PIN_X", "PIN_Y", "LAYER", "PIN_TYPE", "NET_NAME", "NET_TYPE", "PAD_SHAPE", "PAD_SIZEX", "PAD_SIZEY", "HOLE_SIZE", "HOLE_LEN", "PAD_ANGLE"],
	"rows": [
		[1, "BT9_1", 171.54, -554.015, "T", "SMD", "$1N303", "", "R", 209.448, 289.37, 0, 0, 0],
		[2, "BT9_2", 3388.46, -554.015, "T", "SMD", "$1N294", "", "R", 209.448, 289.37, 0, 0, 0],
		[3, "BT9_3", 171.54, -1305.985, "T", "SMD", "$1N303", "", "R", 209.448, 289.37, 0, 0, 0],
		[4, "BT9_4", 3388.46, -1305.985, "T", "SMD", "$1N294", "", "R", 209.448, 289.37, 0, 0, 0],
		[5, "BT10_1", 3726.54, -559.015, "T", "SMD", "$1N294", "", "R", 209.448, 289.37, 0, 0, 0],
		[6, "BT10_2", 6943.46, -559.015, "T", "SMD", "$1N285", "", "R", 209.448, 289.37, 0, 0, 0],
		[7, "BT10_3", 3726.54, -1310.985, "T", "SMD", "$1N294", "", "R", 209.448, 289.37, 0, 0, 0],
		[8, "BT10_4", 6943.46, -1310.985, "T", "SMD", "$1N285", "", "R", 209.448, 289.37, 0, 0, 0],
		[9, "BT11_1", 6943.46, -3010.985, "T", "SMD", "$1N285", "", "R", 209.448, 289.37, 0, 0, 180],
		[10, "BT11_2", 3726.54, -3010.985, "T", "SMD", "$1N276", "", "R", 209.448, 289.37, 0, 0, 180],
		[11, "BT11_3", 6943.46, -2259.015, "T", "SMD", "$1N285", "", "R", 209.448, 289.37, 0, 0, 180],
		[12, "BT11_4", 3726.54, -2259.015, "T", "SMD", "$1N276", "", "R", 209.448, 289.37, 0, 0, 180],
		[13, "BT12_1", 3378.46, -2990.985, "T", "SMD", "$1N276", "", "R", 209.448, 289.37, 0, 0, 180],
		[14, "BT12_2", 161.54, -2990.985, "T", "SMD", "GND", "GND", "R", 209.448, 289.37, 0, 0, 180],
		[15, "BT12_3", 3378.46, -2239.015, "T", "SMD", "$1N276", "", "R", 209.448, 289.37, 0, 0, 180],
		[16, "BT12_4", 161.54, -2239.015, "T", "SMD", "GND", "GND", "R", 209.448, 289.37, 0, 0, 180],
		[17, "U1_1", -200, -1590, "T", "DIP", "$1N303", "", "C", 78.74, 78.74, 51.182, 51.182, 270],
		[18, "U1_1", -200, -1590, "B", "DIP", "$1N303", "", "C", 78.74, 78.74, 51.182, 51.182, 270],
		[19, "U1_2", -200, -1690, "T", "DIP", "$1N294", "", "C", 78.74, 78.74, 51.182, 51.182, 270],
		[20, "U1_2", -200, -1690, "B", "DIP", "$1N294", "", "C", 78.74, 78.74, 51.182, 51.182, 270],
		[21, "U1_3", -200, -1790, "T", "DIP", "$1N285", "", "C", 78.74, 78.74, 51.182, 51.182, 270],
		[22, "U1_3", -200, -1790, "B", "DIP", "$1N285", "", "C", 78.74, 78.74, 51.182, 51.182, 270],
		[23, "U1_4", -200, -1890, "T", "DIP", "$1N276", "", "C", 78.74, 78.74, 51.182, 51.182, 270],
		[24, "U1_4", -200, -1890, "B", "DIP", "$1N276", "", "C", 78.74, 78.74, 51.182, 51.182, 270],
		[25, "U1_5", -200, -1990, "T", "DIP", "GND", "GND", "C", 78.74, 78.74, 51.182, 51.182, 270],
		[26, "U1_5", -200, -1990, "B", "DIP", "GND", "GND", "C", 78.74, 78.74, 51.182, 51.182, 270],
		[27, "PAD1_1", 171.54, -554.015, "T", "SMD", "$1N303", "", "R", 209.448, 289.37, 0, 0, 0],
		[28, "PAD2_2", 3388.46, -554.015, "T", "SMD", "$1N294", "", "R", 209.448, 289.37, 0, 0, 0],
		[29, "PAD3_3", 171.54, -1305.985, "T", "SMD", "$1N303", "", "R", 209.448, 289.37, 0, 0, 0],
		[30, "PAD4_4", 3388.46, -1305.985, "T", "SMD", "$1N294", "", "R", 209.448, 289.37, 0, 0, 0],
		[31, "PAD5_1", 3726.54, -559.015, "T", "SMD", "$1N294", "", "R", 209.448, 289.37, 0, 0, 0],
		[32, "PAD6_2", 6943.46, -559.015, "T", "SMD", "$1N285", "", "R", 209.448, 289.37, 0, 0, 0],
		[33, "PAD7_3", 3726.54, -1310.985, "T", "SMD", "$1N294", "", "R", 209.448, 289.37, 0, 0, 0],
		[34, "PAD8_4", 6943.46, -1310.985, "T", "SMD", "$1N285", "", "R", 209.448, 289.37, 0, 0, 0],
		[35, "PAD9_1", 6943.46, -3010.985, "T", "SMD", "$1N285", "", "R", 209.448, 289.37, 0, 0, 180],
		[36, "PAD10_2", 3726.54, -3010.985, "T", "SMD", "$1N276", "", "R", 209.448, 289.37, 0, 0, 180],
		[37, "PAD11_3", 6943.46, -2259.015, "T", "SMD", "$1N285", "", "R", 209.448, 289.37, 0, 0, 180],
		[38, "PAD12_4", 3726.54, -2259.015, "T", "SMD", "$1N276", "", "R", 209.448, 289.37, 0, 0, 180],
		[39, "PAD13_1", 3378.46, -2990.985, "T", "SMD", "$1N276", "", "R", 209.448, 289.37, 0, 0, 180],
		[40, "PAD14_2", 161.54, -2990.985, "T", "SMD", "GND", "GND", "R", 209.448, 289.37, 0, 0, 180],
		[41, "PAD15_3", 3378.46, -2239.015, "T", "SMD", "$1N276", "", "R", 209.448, 289.37, 0, 0, 180],
		[42, "PAD16_4", 161.54, -2239.015, "T", "SMD", "GND", "GND", "R", 209.448, 289.37, 0, 0, 180],
		[43, "PAD17_1", -200, -1590, "T", "DIP", "$1N303", "", "C", 78.74, 78.74, 51.182, 51.182, 270],
		[44, "PAD17_1", -200, -1590, "B", "DIP", "$1N303", "", "C", 78.74, 78.74, 51.182, 51.182, 270],
		[45, "PAD18_2", -200, -1690, "T", "DIP", "$1N294", "", "C", 78.74, 78.74, 51.182, 51.182, 270],
		[46, "PAD18_2", -200, -1690, "B", "DIP", "$1N294", "", "C", 78.74, 78.74, 51.182, 51.182, 270],
		[47, "PAD19_3", -200, -1790, "T", "DIP", "$1N285", "", "C", 78.74, 78.74, 51.182, 51.182, 270],
		[48, "PAD19_3", -200, -1790, "B", "DIP", "$1N285", "", "C", 78.74, 78.74, 51.182, 51.182, 270],
		[49, "PAD20_4", -200, -1890, "T", "DIP", "$1N276", "", "C", 78.74, 78.74, 51.182, 51.182, 270],
		[50, "PAD20_4", -200, -1890, "B", "DIP", "$1N276", "", "C", 78.74, 78.74, 51.182, 51.182, 270],
		[51, "PAD21_5", -200, -1990, "T", "DIP", "GND", "GND", "C", 78.74, 78.74, 51.182, 51.182, 270],
		[52, "PAD21_5", -200, -1990, "B", "DIP", "GND", "GND", "C", 78.74, 78.74, 51.182, 51.182, 270]
	]
}
}